id,aksara,transliterasi,terjemahan,urutan
CPH-B001,ꦤ꧀ꦝꦺꦃꦤꦶꦲꦤ꧀ꦕꦫꦶꦠꦦꦫꦲꦶꦪꦸꦔꦤ꧀,Ndéh nihan Carita Parahiyangan.,Inilah kisah Carita Parahiyangan.,1
CPH-B002,ꦱꦔꦫꦺꦱꦶꦓꦸꦫꦸꦩꦔꦾꦸꦓꦫꦴꦗꦦꦸꦠꦽꦫꦴ,Sang Resi Guru mangyuga Rajaputra.,Sang Resi Guru mengangkat Rajaputra.,2
CPH-B003,ꦫꦴꦗꦦꦸꦠꦽꦫꦩꦶꦱꦺꦮꦺꦈꦏꦺꦤ꧀ꦱꦔꦏꦤ꧀ꦢꦶꦲꦮꦤ꧀ꦭꦮꦤ꧀ꦱꦔꦏꦤ꧀ꦢꦶꦲꦮꦠꦶ ꦱꦶꦢꦱꦦꦶꦭꦤ꧀ꦕꦺꦏꦤ꧀,"Rajaputra miseuweukeun Sang Kandiawan lawan Sang Kandiawati, sida sapilanceukan.","Rajaputra menikahkan Sang Kandiawan dengan Sang Kandiawati, mereka bersatu.",3
CPH-B004,ꦔꦔꦫꦤꦤ꧀ꦩꦤꦺꦃꦫꦲꦶꦪꦔꦠꦫꦺꦣꦮꦫꦴꦗ.,Ngangaranan manéh Rahiyangta Déwaraja.,Ia menamai dirinya Rahiyangta Déwaraja.,4
CPH-B005,ꦨꦱꦭꦸꦩꦏꦸꦔꦔꦫꦤꦤ꧀ꦩꦤꦺꦃꦫꦲꦶꦪꦔꦠꦫꦶꦩꦺꦢꦔꦗꦠꦶ ꦆꦚꦱꦔꦭꦪꦸꦮꦠꦔ꧀ ꦚꦤꦸꦚꦶꦲꦺꦴꦏꦺꦤ꧀ꦱꦔꦲꦶꦪꦔꦮꦠꦔꦆꦒꦺꦴꦔ꧀,"Basa lumaku ngarajaresi ngangaranan manéh Rahiyangta ri Medangjati, inya Sang Layuwatang, nya nu nyieun Sanghiyang Watang Ageung.","Ketika memerintah dan menjadi resi, ia bernama Rahiyangta ri Medangjati, yaitu Sang Layuwatang, dia yang menciptakan Sanghiyang Watang Ageung.",5
CPH-B006,"ꦨꦱꦤꦲꦔꦏꦠ꧀ꦱꦨꦸꦩꦶꦗꦢꦶꦩꦤꦶꦏꦱꦏꦸꦫꦸꦔꦤ꧀, ꦤꦸꦩꦶꦱꦺꦮꦺꦈꦏꦺꦤ꧀ꦦꦤ꧀ꦕꦦꦸꦠꦽꦫꦴ","Basana angkat sabumi jadi manik sakurungan, nu miseuweukeun pancaputra","Ketika ia meninggalkan dunia dan menjadi manik sakurungan (permata dalam wadah), yang menyaksikannya adalah lima putra",6
CPH-B007,"ꦱꦔꦄꦦꦠꦶꦪꦤ꧀ꦱꦔꦏꦸꦱꦶꦏ, ꦱꦔꦓꦽꦓꦱꦔꦩꦺꦱ꧀ꦠꦽꦫꦶ, ꦱꦔꦦꦸꦫꦸꦱ, ꦱꦔꦦꦸꦠꦤ꧀ꦗꦭꦆꦚꦱꦔꦩꦔꦸꦏꦸꦲꦤ꧀, ꦱꦔꦏꦫꦸꦔꦏꦭꦃ, ꦱꦔꦏꦠꦸꦔꦩꦫꦭꦃ, ꦱꦔꦱꦤ꧀ꦢꦔꦽꦓꦨ, ꦱꦔꦮꦽꦠꦶꦏꦤ꧀ꦢꦪꦸꦤ꧀","Sang Apatiyan Sang Kusika, Sang Garga Sang Mestri, Sang Purusa, Sang Putanjala inya Sang Mangukuhan, Sang Karungkalah, Sang Katungmaralah, Sang Sandanggreba, Sang Wretikandayun","Sang Apatiyan, Sang Kusika, Sang Garga, Sang Mestri, Sang Purusa, Sang Putanjala yang juga disebut Sang Mangukuhan, Sang Karungkalah, Sang Katungmaralah, Sang Sandanggreba, Sang Wretikandayun",7
CPH-B008,ꦲꦤꦥꦏ꧀ꦱꦶꦱꦈꦮꦸꦫꦸꦮꦸꦫ꧀ꦥꦏ꧀ꦱꦶꦱꦤꦫꦓꦠꦶꦚꦪꦁꦢꦶꦠꦶꦠꦿꦪꦠꦿꦨꦒꦮꦠꦿꦺꦱꦶꦩꦏꦤ꧀ꦢꦿꦶꦲ,"Hana paksi Si Uwur-uwur, paksi Si Naragati, nyayang di titrayatra Bagawat Resi Makandria",Ada burung Si Uwur-uwur dan burung Si Naragati yang hinggap di pertapaan Bagawat Resi Makandria,8
CPH-B009,ꦢꦶꦲꦏꦤ꧀ꦏꦸꦱꦭꦏꦶꦤꦢꦶꦱꦺꦲꦸꦱꦺꦎꦭ꧀ꦏꦸꦲꦺꦮꦺꦤ,Dihakan anakna ku salakina. Diseuseul ku éwéna,Mereka diberi makan oleh suaminya. Dipanggil oleh istrinya,9
CPH-B010,ꦕꦫꦺꦏꦲꦺꦮꦺꦤꦄꦕꦫꦺꦏꦲꦺꦮꦺꦤꦄꦥꦥꦈꦫꦁꦭꦩꦸꦤꦈꦫꦁꦠꦺꦈꦢꦶꦲꦤꦏ꧀ꦗꦺꦈꦲꦺꦁꦨꦒꦮꦠꦿꦺꦱꦶꦩꦏꦤ꧀ꦢꦿꦶꦲ,"Carék éwéna, 'Papa urang, lamun urang teu dianak, jeueung Bagawat Resi Makandria","Berkata istrinya, 'Ayah kita, jika kita tidak diberi anak, sekarang Bagawat Resi Makandria",10
CPH-B011,ꦢꦶꦠꦥꦱꦺꦴꦠꦺꦃꦥꦥꦗꦲꦤ꧀ꦠꦺꦈꦢꦶꦲꦤꦏ꧀,"Ditapa sotéh papa, ja hanteu dianak","Bertapalah ayah, agar bisa diberi anak",11
CPH-B012,ꦕꦫꦺꦏꦨꦒꦮꦠꦿꦺꦱꦶꦩꦏꦤ꧀ꦢꦿꦶꦲꦢꦶꦲꦤꦏ꧀ꦏꦸꦮꦪꦗꦲꦺꦮꦺꦎꦒꦺꦲꦤ꧀ꦠꦺꦈ,"Carék Bagawat Resi Makandria, 'Dianak ku waya, ja éwé ogé hanteu","Berkata Bagawat Resi Makandria, 'Diberi anak oleh siapa, jika istri juga tidak bisa",12
CPH-B013,ꦠꦶꦲꦶꦚꦢꦺꦏ꧀ꦭꦺꦈꦩ꧀ꦥꦁꦏꦱꦁꦫꦺꦱꦶꦓꦸꦫꦸꦏꦏꦺꦤ꧀ꦢꦤ꧀,"Ti inya carék Bagawat Resi Makandria, 'Aing dék leumpang ka Sang Resi Guru, ka Kéndan","Kemudian berkata Bagawat Resi Makandria, 'Aku akan pergi ke Sang Resi Guru, ke Kéndan",13
CPH-B014,ꦢꦠꦁꦱꦶꦪꦏꦏꦺꦤ꧀ꦢꦤ꧀,Datang siya ka Kéndan,Datanglah ia ke Kéndan,14
CPH-B015,ꦕꦫꦺꦏꦱꦁꦫꦺꦱꦶꦓꦸꦫꦸꦤꦲꦤꦲꦱꦶꦪꦨꦒꦮꦠꦿꦺꦱꦶꦩꦏꦤ꧀ꦢꦿꦶꦲꦩꦤꦱꦶꦪꦢꦠꦁꦏꦢꦶꦤꦶꦃ,"Carék Sang Resi Guru, 'Na naha siya Bagawat Resi Makandria, mana siya datang ka dinih?","Berkata Sang Resi Guru, 'Ada apa Bagawat Resi Makandria, mengapa engkau datang ke sini?",15
CPH-B016,ꦥꦸꦤ꧀ꦱꦩꦥꦸꦤ꧀ꦲꦪꦨꦗꦏꦩꦶꦥꦸꦤ꧀ꦏꦩꦶꦩꦺꦤ꧀ꦠꦥꦶꦫꦧꦶꦈꦤ꧀ꦥꦸꦤ꧀ꦏꦺꦤꦏꦩꦶꦏꦥꦸꦥꦸꦭꦶꦲꦤ꧀ꦏꦸꦥꦏ꧀ꦱꦶꦱꦈꦮꦸꦫꦸꦮꦸꦫ꧀ꦥꦏ꧀ꦱꦶꦱꦤꦫꦓꦠꦶꦥꦥꦨꦫꦸꦏꦈꦫꦁꦲꦤ꧀ꦠꦺꦈꦢꦶꦲꦤꦏ꧀,"Pun samapun, aya béja kami pun, kami ménta pirabieun pun. Kéna kami kapupulihan ku Paksi Si Uwur-uwur, paksi Si Naragati, papa baruk urang hanteu di na anak","Yang mulia, ada kabar kami, kami meminta petunjuk. Kami diganggu oleh Burung Si Uwur-uwur dan Si Naragati, ayah kami tidak diberi anak",16
CPH-B017,ꦕꦫꦺꦏꦱꦁꦫꦺꦱꦶꦓꦸꦫꦸꦭꦺꦈꦩ꧀ꦥꦁꦱꦶꦪꦠꦶꦲꦸꦭꦏꦨꦠꦸꦂꦱꦶꦪꦢꦺꦈꦶꦲꦤꦏꦶꦁꦦꦮꦃꦄꦏ꧀ꦱꦫꦶꦗꦧꦸꦁꦭꦺꦈꦩ꧀ꦥꦁꦲꦸꦱꦶꦂꦨꦒꦮꦠꦿꦺꦱꦶꦩꦏꦤ꧀ꦢꦿꦶꦲ,"Carék Sang Resi Guru, 'Leumpang siya ti heula ka batur siya deui, anaking Pwah Aksari Jabung, leumpang husir Bagawat Resi Makandria, na pideungeuneun satapa, anaking","Berkata Sang Resi Guru, 'Pergilah engkau dulu ke saudaramu lagi, anakku Pwah Aksari Jabung, pergilah mengikuti Bagawat Resi Makandria, untuk menemani bertapa, anakku",17
CPH-B018,ꦭꦺꦈꦩ꧀ꦥꦁꦦꦮꦃꦫꦧꦧꦸꦢꦠꦁꦏꦨꦠꦸꦂꦤꦠꦺꦈꦢꦶꦲꦏꦸꦫꦧꦶꦚꦺꦈꦲꦺꦁꦲꦶꦚꦮꦺꦢꦢꦫꦶꦒꦼꦈꦭꦶꦱ,"Leumpang Pwah Rababu, datang ka baturna, teu diaku rabi. Nyeueung inya wedadari geulis, ti inya nyieun manéh Pwah Manjangandara, na Bagawat Resi Makandria nyieun manéh Rakéyan Kebowulan, sida pasanggaman","Pergilah Pwah Rababu, datang ke saudaranya, tidak diakui sebagai istri. Ternyata ia bidadari cantik, lalu ia menyebut dirinya Pwah Manjangandara, dan Bagawat Resi Makandria menyebut dirinya Rakéyan Kebowulan, mereka bersatu",18
CPH-B019,ꦕꦫꦺꦏꦱꦁꦫꦺꦱꦶꦓꦸꦫꦸꦲꦺꦠꦺꦤ꧀ꦲꦤꦏꦶꦁꦦꦮꦃꦱꦁꦲꦶꦪꦁꦱꦿꦶꦭꦺꦈꦩ꧀ꦥꦁꦏꦤꦒꦗꦢꦶꦏꦭꦈꦤꦺꦎꦏꦱꦶꦪꦏꦦꦮꦃꦄꦏ꧀ꦱꦫꦶꦗꦧꦸꦁ,"Carék Sang Resi Guru, 'Étén anaking, Pwah Sanghiyang Sri! Leumpang kita ngajadi ka lanceuk siya, ka Pwah Aksari Jabung","Berkata Sang Resi Guru, 'Nah anakku, Pwah Sanghyang Sri! Pergilah kita menjadi saudara kandungmu, ke Pwah Aksari Jabung",19
CPH-B020,ꦠꦶꦲꦶꦚꦭꦺꦈꦩ꧀ꦥꦁꦦꦮꦃꦱꦁꦲꦶꦪꦁꦱꦿꦶꦔꦗꦢꦶꦲꦶꦚꦦꦮꦃꦨꦔꦠꦏ꧀ꦩꦔꦭꦺꦔꦭꦺ,"Ti inya leumpang Pwah Sanghiyang Sri ngajadi, inya Pwah Bungatak Mangaléngalé","Kemudian pergi Pwah Sanghyang Sri menjelma, ia menjadi Pwah Bungatak Mangaléngalé",20
CPH-B021,ꦕꦫꦺꦏꦱꦁꦩꦔꦸꦏꦸꦲꦤ꧀ꦤꦩꦄꦢꦶꦲꦶꦁꦏꦭꦶꦃꦈꦫꦁꦔꦨꦎꦫꦎꦭꦺꦈꦩ꧀ꦥꦁꦏꦠꦼꦒꦭ꧀,"Carék Sang Mangukuhan, 'Nam adiing kalih, urang ngaboro leumpang ka tegal",Berkata Sang Mangukuhan 'Nah adik dua kita berburu pergi ke tegal,21
CPH-B022,ꦱꦢꦠꦁꦏꦠꦼꦔꦃꦠꦼꦒꦭ꧀ꦏꦱꦩ꧀ꦥꦏ꧀ꦦꦮꦃꦩꦤ꧀ꦗꦔꦤ꧀ꦢꦫꦢꦺꦈꦁꦫꦏꦺꦪꦤ꧀ꦏꦨꦎꦮꦸꦭꦤ꧀,"Sadatang ka tengah tegal, kasampak Pwah Manjangandara deung Rakéyan Kebowulan","Setelah sampai di tengah tegal, terlihat Pwah Manjangandara dengan Rakéyan Kebowulan",22
CPH-B023,ꦢꦶꦒꦺꦫꦺꦏꦺꦈꦤ꧀ꦏꦸꦱꦁꦦꦤ꧀ꦕꦦꦸꦠꦿꦨꦈꦤꦁꦤꦱꦩꦪꦄꦱꦶꦁꦤꦸꦤꦸꦩ꧀ꦨꦏ꧀ꦲꦶꦚꦠꦶꦲꦸꦭꦄꦤꦸꦔꦺꦈꦤꦄꦲꦶꦚꦥꦶꦫꦠꦸꦈꦤ꧀,"Digérékeun ku sang pancaputra; beunangna samaya, asing nu numbak inya ti heula, nu ngeunaan inya, piratueun",Dikejar oleh sang pancaputra hasilnya sama siapa yang menombak dia lebih dulu yang mengenai dia hadiah,23
CPH-B024,ꦏꦺꦈꦤꦏꦸꦠꦸꦩ꧀ꦨꦏ꧀ꦱꦁꦮꦽꦠꦶꦏꦤ꧀ꦢꦪꦸꦤ꧀ꦏꦨꦎꦮꦸꦭꦤ꧀ꦗꦺꦈꦁꦦꦮꦃꦩꦤ꧀ꦗꦔꦤ꧀ꦢꦫ,"Keuna ku tumbak Sang Wretikandayun, Kebowulan jeung Pwah Manjangandara",Kena tombak Sang Wretikandayun Kebowulan dengan Pwah Manjangandara,24
CPH-B025,ꦭꦸꦩ꧀ꦥꦠ꧀ꦏꦦꦠꦥꦄꦤꦄꦢꦠꦁꦥꦄꦃꦢꦶꦠꦸꦠꦸꦂꦏꦺꦈꦤ꧀ꦏꦸꦱꦁꦮꦽꦠꦶꦏꦤ꧀ꦢꦪꦸꦤ꧀,"Lumpat ka patapaanana, datang paéh. Dituturkeun ku Sang Wretikandayun",Lari ke pertapaannya datang mati Diikuti oleh Sang Wretikandayun,25
CPH-B026,ꦦꦮꦃꦨꦔꦠꦏ꧀ꦩꦔꦭꦺꦔꦭꦺꦏꦱꦎꦤ꧀ꦔꦶꦤꦁꦢꦺꦈꦁꦦꦮꦃꦩꦤ꧀ꦗꦔꦤ꧀ꦢꦫꦏꦸꦱꦁꦮꦽꦠꦶꦏꦤ꧀ꦢꦪꦸꦤ꧀ꦢꦶꦨꦄꦤ꧀ꦥꦸꦭꦁꦏꦓꦭꦸꦃꦏꦫꦲꦶꦪꦁꦠꦫꦶꦩꦺꦢꦁꦗꦠꦶ,"Pwah Bungatak Mangaléngalé kasondong nginang deung Pwah Manjangandara; ku Sang Wretikandayun dibaan pulang ka Galuh, ka Rahiyangta ri Medangjati",Pwah Bungatak Mangaléngalé ketemu mengunyah dengan Pwah Manjangandara oleh Sang Wretikandayun dibawa pulang ke Galuh ke Rahiyangta ri Medangjati,26
CPH-B027,ꦭꦮꦱ꧀ꦤꦶꦪꦄꦢꦼꦒ꧀ꦫꦠꦸꦭꦶꦩꦮꦼꦭꦱ꧀ꦠꦲꦸꦤ꧀ꦢꦶꦱꦶꦭꦶꦲꦤ꧀ꦏꦸꦱꦁꦮꦽꦠꦶꦏꦤ꧀ꦢꦪꦸꦤ꧀ꦢꦶꦓꦭꦸꦃ,"Lawasniya adeg ratu lima welas tahun, disilihan ku Sang Wretikandayun di Galuh",Lawasnya berkuasa lima belas tahun digantikan oleh Sang Wretikandayun di Galuh,27
CPH-B028,ꦩꦶꦫꦧꦶꦦꦮꦃꦨꦔꦠꦏ꧀ꦩꦔꦭꦺꦔꦭꦺ,mirabi Pwah Bungatak Mangaléngalé,Ditemani Pwah Bungatak Mangaléngalé,28
CPH-B029,ꦤꦱꦁꦩꦔꦸꦏꦸꦲꦤ꧀ꦚꦶꦲꦺꦎꦤ꧀ꦩꦤꦺꦃꦦꦔꦲꦸꦩꦄꦱꦁꦏꦫꦸꦔꦏꦭꦃꦚꦶꦲꦺꦎꦤ꧀ꦩꦤꦺꦃꦦꦔ꧀ꦓꦺꦫꦺꦏ꧀ꦱꦁꦏꦠꦸꦔꦩꦫꦭꦃꦚꦶꦲꦺꦎꦤ꧀ꦩꦤꦺꦃꦦꦚꦢꦥ꧀ꦱꦁꦱꦤ꧀ꦢꦔꦽꦓꦨꦚꦶꦲꦺꦎꦤ꧀ꦩꦤꦺꦃꦦꦢꦓꦁ,"Na Sang Mangukuhan nyieun manéh panghuma. Sang Karungkalah nyieun manéh panggérék, Sang Katungmaralah nyieun manéh panyadap. Sang Sandanggreba nyieun manéh padagang",Maka Sang Mangukuhan menjadikan diri penggarap ladang. Sang Karungkalah menjadikan diri pengumpul hasil hutan. Sang Katungmaralah menjadikan diri penyadap. Sang Sandanggreba menjadikan diri pedagang,29
CPH-B030,ꦏꦸꦱꦁꦮꦽꦠꦶꦏꦤ꧀ꦢꦪꦸꦤ꧀ꦢꦶꦲꦢꦼꦒ꧀ꦏꦺꦈꦤ꧀ꦱꦁꦩꦔꦸꦏꦸꦲꦤ꧀ꦫꦲꦶꦪꦁꦠꦁꦏꦸꦭꦶꦏꦸꦭꦶꦱꦁꦏꦫꦸꦔꦏꦭꦃꦢꦶꦲꦢꦼꦒ꧀ꦏꦺꦈꦤ꧀ꦫꦲꦶꦪꦁꦠꦁꦱꦸꦫꦮꦸꦭꦤ꧀ꦱꦁꦏꦠꦸꦔꦩꦫꦭꦃꦢꦶꦲꦢꦼꦒ꧀ꦏꦺꦈꦤ꧀ꦫꦲꦶꦪꦁꦠꦁꦥꦼꦭꦼꦱꦮꦶꦱꦁꦱꦤ꧀ꦢꦔꦽꦓꦨ,"Ku Sang Wretikandayun diadegkeun Sang Mangukuhan, Rahiyangtang Kulikuli; sang Karungkalah diadegkeun Rahiyangtang Surawulan; Sang Katungmaralah diadegkeun Rahiyangtang Pelesawi; Sang Sandanggreba diadegkeun Rahiyangtang Rawunglangit",Oleh Sang Wretikandayun diangkatlah Sang Mangukuhan menjadi Rahiyangtang Kulikuli; Sang Karungkalah diangkat menjadi Rahiyangtang Surawulan; Sang Katungmaralah diangkat menjadi Rahiyangtang Pelesawi; Sang Sandanggreba diangkat menjadi Rahiyangtang Rawunglangit,30
CPH-B031,ꦱꦁꦮꦽꦠꦶꦏꦤ꧀ꦢꦪꦸꦤ꧀ꦄꦢꦼꦒ꧀ꦢꦶꦓꦭꦸꦃ,Sang Wretikandayun adeg di Galuh,Sang Wretikandayun berkuasa di Galuh,31
CPH-B032,ꦠꦶꦲꦶꦚꦭꦸꦩꦏꦸꦔꦔꦫꦗꦫꦺꦱꦶꦔꦔꦫꦤꦤ꧀ꦩꦤꦺꦃꦫꦲꦶꦪꦁꦠꦫꦶꦩꦺꦤꦶꦂ,"Ti inya lumaku ngarajaresi, ngangaranan manéh Rahiyangta ri Menir",Kemudian memerintah dan bertapa bergelar Rahiyangta ri Menir,32
CPH-B033,ꦨꦱꦤꦄꦔꦏꦠ꧀ꦱꦨꦸꦩꦶꦗꦢꦶꦩꦤꦶꦏꦱꦏꦸꦫꦸꦔꦤ꧀ꦲꦶꦚꦤꦸꦚꦶꦲꦺꦎꦤꦤ꧀ꦦꦸꦂꦨꦠꦶꦱ꧀ꦠꦶ,"Basana angkat sabumi jadi manik sakurungan, inya nu nyieunna Purbatisti","Ketika wafat menjadi manik sakurungan, dialah yang menciptakan Purbatisti",33
CPH-B034,ꦭꦮꦱ꧀ꦤꦶꦪꦫꦠꦸꦱꦭꦥꦤ꧀ꦥꦸꦭꦸꦃꦠꦲꦸꦤ꧀,Lawasniya ratu salapan puluh tahun,Berkuasa delapan puluh tahun,34
CPH-B035,ꦢꦶꦱꦶꦭꦶꦲꦤ꧀ꦏꦸꦫꦲꦶꦪꦁꦠꦁꦏꦸꦭꦶꦏꦸꦭꦶꦭꦮꦱ꧀ꦤꦶꦪꦫꦠꦸꦢꦭꦥꦤ꧀ꦥꦸꦭꦸꦃꦠꦲꦸꦤ꧀,"Disilihan ku Rahiyangtang Kulikuli, lawasniya ratu dalapan puluh tahun","Digantikan oleh Rahiyangtang Kulikuli, berkuasa delapan puluh tahun",35
CPH-B036,ꦢꦶꦱꦶꦭꦶꦲꦤ꧀ꦏꦸꦫꦲꦶꦪꦁꦠꦁꦱꦫꦮꦸꦭꦤ꧀ꦭꦮꦱ꧀ꦤꦶꦪꦫꦠꦸꦒꦼꦤꦼꦥ꧀ꦠꦲꦸꦤ꧀ꦏꦠꦸꦗꦸꦃꦤꦦꦤ꧀ꦠꦼꦒ꧀ꦏꦤꦒꦎꦫꦺꦁꦠꦮꦃ,"Disilihan ku Rahiyangtang Sarawulan, lawasniya ratu genep tahun, katujuhna panteg kana goréng twah","Digantikan oleh Rahiyangtang Sarawulan, berkuasa enam tahun, yang ketujuh terkena musibah",36
CPH-B037,ꦢꦶꦱꦶꦭꦶꦲꦤ꧀ꦏꦸꦫꦲꦶꦪꦁꦠꦁꦫꦮꦸꦁꦭꦔꦶꦠ꧀ꦭꦮꦱ꧀ꦤꦶꦪꦄꦢꦼꦒ꧀ꦫꦠꦸꦒꦼꦤꦼꦥ꧀ꦥꦸꦭꦸꦃꦠꦲꦸꦤ꧀,"Disilihan ku Rahiyangtang Rawunglangit, lawasniya adeg ratu genep puluh tahun","Digantikan oleh Rahiyangtang Rawunglangit, berkuasa enam puluh tahun",37
CPH-B038,ꦢꦶꦱꦶꦭꦶꦲꦤ꧀ꦏꦸꦫꦲꦶꦪꦁꦠꦁꦩꦤ꧀ꦢꦶꦩꦶꦚꦏ꧀,Disilihan ku Rahiyangtang Mandiminyak.,Digantikan oleh Rahiyangtang Mandiminyak.,38
CPH-B039,ꦱꦺꦈꦮꦺꦈꦫꦲꦶꦪꦁꦠꦫꦶꦩꦺꦤꦶꦂꦠꦺꦭꦸꦄꦤ꧀ꦱꦦꦶꦭꦤ꧀ꦕꦺꦏꦤ꧀ꦄꦤꦸꦕꦶꦏꦭ꧀ꦚꦫꦲꦶꦪꦁꦱꦺꦩ꧀ꦦꦏ꧀ꦮꦗꦄꦢꦼꦒ꧀ꦨꦠꦫꦢꦔꦶꦪꦁꦓꦸꦫꦸꦢꦶꦓꦭꦸꦁꦓꦸꦁꦫꦲꦶꦪꦁꦠꦁꦏꦺꦢꦸꦭ꧀ꦄꦢꦼꦒ꧀ꦨꦠꦫꦲꦶꦪꦁꦨꦸꦪꦸꦠ꧀ꦢꦶꦢꦺꦤꦸꦃꦫꦲꦶꦪꦁꦠꦁꦩꦤ꧀ꦢꦶꦩꦶꦚꦏ꧀ꦄꦢꦼꦒ꧀ꦢꦶꦓꦭꦸꦃ,"Seuweu Rahiyangta ri Menir, teluan sapilanceukan; anu cikal nya Rahiyang Sempakwaja, adeg Batara Dangiyang Guru di Galunggung; Rahiyangtang Kedul, adeg Batara Hiyang Buyut di Denuh; Rahiyangtang Mandiminyak adeg di Galuh.",Ada Rahiyangta ri Menir tiga bersaudara yang sulung bernama Rahiyang Sempakwaja berkuasa sebagai Batara Dangiyang Guru di Galunggung Rahiyangtang Kedul berkuasa sebagai Batara Hiyang Buyut di Denuh Rahiyangtang Mandiminyak berkuasa di Galuh.,39
CPH-B040,ꦕꦫꦺꦏꦱꦁꦫꦺꦱꦶꦓꦸꦫꦸꦏꦫꦚꦄꦲꦶꦁꦏꦫꦲꦶꦪꦁꦱꦺꦩ꧀ꦦꦏ꧀ꦮꦗꦲꦤ꧀ꦠꦺꦈꦢꦶꦨꦎꦓꦲꦺꦮꦺ,"Carék Sang Resi Guru, 'Karunya aing ka Rahiyang Sempakwaja hanteu diboga éwé.'","Berkata Sang Resi Guru, 'Kasihan aku kepada Rahiyang Sempakwaja tidak memiliki istri.'",40
CPH-B041,ꦄꦤꦏꦶꦁꦦꦮꦃꦫꦧꦧꦸꦏꦶꦠꦭꦺꦈꦩ꧀ꦥꦁꦲꦸꦱꦶꦂꦫꦲꦶꦪꦁꦱꦺꦩ꧀ꦦꦏ꧀ꦮꦗꦏꦺꦤꦲꦶꦚꦥꦶꦢꦺꦈꦔꦺꦈꦤ꧀ꦱꦶꦪꦱꦠꦥ,"Anaking Pwah Rababu! Kita leumpang husir Rahiyang Sempakwaja, kéna inya pideungeuneun siya satapa.",Anakku Pwah Rababu! Kau ikut Rahiyang Sempakwaja agar dia menemani bertapa.,41
CPH-B042,ꦱꦁꦫꦺꦱꦶꦔꦓꦶꦱꦶꦏ꧀ꦠꦶꦦꦸꦭꦸꦁꦗꦢꦶꦗꦭꦭꦁꦨꦎꦢꦱ꧀ꦭꦺꦈꦩ꧀ꦥꦁꦔꦲꦸꦱꦶꦂꦫꦲꦶꦪꦁꦱꦺꦩ꧀ꦦꦏ꧀ꦮꦗꦲꦺꦈꦏꦸꦂꦩꦺꦭꦶꦠ꧀,"Sang Resi ngagisik tipulung jadi jalalang bodas, leumpang ngahusir Rahiyang Sempakwaja, eukeur melit.",Sang Resi mengubah debu menjadi rumput putih berjalan mengikuti Rahiyang Sempakwaja sedang berburu.,42
CPH-B043,ꦔꦫꦺꦈꦔꦺꦈꦠꦠꦨꦺꦈꦲꦤ꧀ꦲꦸꦩꦸꦁꦓꦸꦩꦸꦫꦸꦃꦠꦤ꧀ꦥꦫꦸꦔꦎꦤ꧀ꦠꦠꦨꦺꦈꦲꦤ꧀ꦢꦶꦓꦭꦸꦃ,"Ngareungeu tatabeuhan humung gumuruh tanpa parungon, tatabeuhan di Galuh.",Terdengar bunyi gamelan bergema tanpa henti gamelan di Galuh.,43
CPH-B044,ꦦꦸꦭꦁꦏꦓꦭꦸꦃꦠꦺꦠꦺꦂꦤꦸꦔꦶꦓꦼꦭ꧀,Pulang ka Galuh teter nu ngigel.,Pulang ke Galuh sambil menari.,44
CPH-B045,ꦱꦢꦠꦁꦏꦨꦸꦫꦸꦄꦤ꧀ꦄꦒꦺꦈꦁꦕꦫꦺꦏꦫꦲꦶꦪꦁꦠꦁꦩꦤ꧀ꦢꦶꦩꦶꦚꦏ꧀ꦱꦁꦄꦦꦠꦶꦃꦤꦲꦱꦲꦺꦠ,"Sadatang ka buruan ageung, carék Rahiyangtang Mandiminyak, 'Sang Apatih, na saha éta?'",Setelah sampai di alun-alun besar berkata Rahiyangtang Mandiminyak 'Sang Patih siapa itu?',45
CPH-B046,ꦨꦗꦤꦄꦤꦸꦔꦶꦓꦼꦭ꧀ꦢꦶꦨꦸꦫꦸꦄꦤ꧀ꦄꦒꦺꦈꦁ,Béjana nu ngigel di buruan ageung.',Bujang yang menari di alun-alun besar.',46
CPH-B047,ꦲꦺꦠꦨꦮꦱꦶꦚꦁꦱꦦꦫꦓꦶꦲꦶꦮꦺꦈꦏꦺꦃꦦꦩꦭꦄꦤ꧀ꦄꦲꦶꦁꦠꦺꦲꦺꦂꦨꦮꦏꦸꦏꦶꦠꦏꦺꦈꦢꦺꦈꦏꦺꦈꦢꦺꦈ,"Éta bawa sinjang saparagi, iweu kéh pamalaan aing. Téhér bawa ku kita keudeukeudeu!'",Itu bawa kain seperigi itu milikku Bawa dia kemari!',47
CPH-B048,ꦭꦺꦈꦩ꧀ꦥꦁꦱꦁꦄꦦꦠꦶꦃꦏꦨꦸꦫꦸꦄꦤ꧀ꦄꦒꦺꦈꦁꦢꦶꦨꦄꦤ꧀ꦏꦏꦢꦠ꧀ꦮꦤ꧀ꦤꦦꦮꦃꦫꦧꦧꦸ,"Leumpang sang apatih ka buruan ageung, dibaan ka kadatwan na Pwah Rababu.",Pergi sang patih ke alun-alun besar dibawa ke istana yaitu Pwah Rababu.,48
CPH-B049,ꦢꦶꦦꦶꦫꦧꦶꦏꦸꦫꦲꦶꦪꦁꦠꦁꦩꦤ꧀ꦢꦶꦩꦶꦚꦏ꧀ꦢꦶꦫꦧꦶꦏꦱꦶꦲꦤ꧀ꦤꦦꦮꦃꦫꦧꦧꦸꦢꦶꦱꦺꦈꦮꦺꦈ,"Dipirabi ku Rahiyangtang Mandiminyak, dirabi kasiahan na Pwah rababu. Diseuweu",Dinikahi oleh Rahiyangtang Mandiminyak dijadikan istri kasihan nah Pwah Rababu Diperistri,49
CPH-B050,ꦦꦠꦼꦩꦸꦄꦤ꧀ꦢꦶꦔꦫꦤꦤ꧀ꦱꦁꦱꦭꦃ,"patemuan, dingaranan Sang Salah.",lahirlah Sang Salah.,50
CPH-B051,ꦕꦫꦺꦏꦫꦲꦶꦪꦁꦱꦺꦩ꧀ꦦꦏ꧀ꦮꦗꦫꦧꦧꦸꦭꦺꦈꦩ꧀ꦥꦁꦏꦸꦱꦶꦪꦨꦮꦠ꧀ꦏꦺꦈꦤ꧀ꦧꦸꦢꦏ꧀ꦲꦺꦠꦏꦫꦲꦶꦪꦁꦠꦁꦩꦤ꧀ꦢꦶꦩꦶꦚꦏ꧀ꦄꦤ꧀ꦠꦺꦈꦂꦏꦺꦈꦤ꧀ꦦꦠꦼꦩꦸꦄꦤ꧀ꦱꦶꦪꦱꦁꦱꦭꦃꦠꦮꦃ,"Carék Rahiyang Sempakwaja, 'Rababu leumpang! Ku siya bwatkeun budak éta ka Rahiyangtang Mandimyak. Anteurkeun patemuan siya Sang Salahtwah.'",Berkata Rahiyang Sempakwaja 'Rababu pergilah Kau bawa anak itu kepada Rahiyangtang Mandiminyak Antar pertemuanmu Sang Salahtwah',51
CPH-B052,ꦭꦺꦈꦩ꧀ꦥꦁꦦꦮꦃꦫꦧꦧꦸꦏꦓꦭꦸꦃ,Leumpang Pwah Rababu ka Galuh.,Pergi Pwah Rababu ke Galuh.,52
CPH-B053,ꦄꦲꦶꦁꦢꦶꦠꦶꦠꦃꦏꦸꦫꦲꦶꦪꦁꦱꦺꦩ꧀ꦦꦏ꧀ꦮꦗꦩ꧀ꦮꦠ꧀ꦏꦺꦈꦤ꧀ꦧꦸꦢꦏ꧀ꦲꦺꦠꦨꦺꦈꦤꦁꦱꦶꦪꦔꦺꦈꦢꦺꦈꦔꦺꦈꦤ꧀ꦄꦲꦶꦁꦠꦺꦃ,"Aing dititah ku Rahiyang Sempakwaja mwatkeun budak éta, beunang siya ngeudeungeudeu aing téh.'",Aku diperintah oleh Rahiyang Sempakwaja membawa anak ini hasil kau menemui aku tadi',53
CPH-B054,ꦕꦫꦺꦏꦫꦲꦶꦪꦁꦠꦁꦩꦤ꧀ꦢꦶꦩꦶꦚꦏ꧀ꦄꦤꦏ꧀ꦄꦲꦶꦁꦠꦸꦏꦶꦠꦱꦁꦱꦭꦃ,"Carék Rahiyangtang Mandiminyak, 'Anak aing tu kita, Sang Salah.'",Berkata Rahiyangtang Mandiminyak 'Anakku itu kau Sang Salah',54
CPH-B055,ꦕꦫꦺꦏꦫꦲꦶꦪꦁꦠꦁꦩꦤ꧀ꦢꦶꦩꦶꦚꦏ꧀ꦱꦁꦄꦦꦠꦶꦃꦏꦸꦱꦶꦪꦠꦺꦈꦤ꧀ꦢꦺꦈꦤ꧀ꦏꦤꦗꦩ꧀ꦨꦔꦤ꧀ꦨꦮꦏꦠꦼꦒꦭ꧀,"Carék Rahiyangtang Mandiminyak, 'Sang Apatih, ku siya teundeun kana jambangan. Bawa ka tegal!'",Berkata Rahiyangtang Mandiminyak 'Sang Patih oleh kau taruh dalam jambangan Bawa ke tegal',55
CPH-B056,ꦢꦶꦨꦮꦏꦸꦱꦁꦄꦦꦠꦶꦃꦏꦠꦼꦒꦭ꧀ꦱꦦꦩꦸꦁꦏꦸꦂꦱꦁꦄꦦꦠꦶꦃꦠꦶꦠꦼꦒꦭ꧀ꦩꦺꦠꦸꦲꦶꦏꦁꦄꦦꦿꦩꦠꦎꦓ꧀ꦏꦭꦔꦶꦠ꧀ꦏꦨꦶꦫꦺꦈꦔꦺꦈꦃꦏꦸꦫꦲꦶꦪꦁꦠꦁꦩꦤ꧀ꦢꦶꦩꦶꦚꦏ꧀,"Dibawa ku sang apatih ka tegal, sapamungkur sang apatih, ti tegal metu ikang aprama tog ka langit, kabireungeuh ku Rahiyangtang Mandiminyak.",Dibawa oleh sang patih ke tegal sekejap sang patih dari tegal keluar ikan ajaib terbang ke langit terdengar oleh Rahiyangtang Mandiminyak,56
CPH-B057,ꦱꦁꦄꦦꦠꦶꦃꦲꦸꦱꦶꦂꦢꦺꦈꦶꦠꦺꦈꦤ꧀ꦢꦺꦈꦤ꧀ꦱꦶꦪꦧꦸꦢꦏ꧀ꦠ,"Sang Apatih, husir deui teundeun siya, budak ta!'",Sang Patih kejar lagi taruh dia anak kita',57
CPH-B058,ꦢꦶꦲꦸꦱꦶꦂꦏꦸꦱꦁꦄꦦꦠꦶꦃꦏꦠꦼꦒꦭ꧀ꦏꦱꦎꦤ꧀ꦢꦎꦥ꧀ꦲꦶꦫꦸꦥ꧀ꦢꦶꦨꦄꦤ꧀ꦏꦲꦫꦺꦈꦥꦺꦈꦤ꧀ꦫꦲꦶꦪꦁꦠꦁꦩꦤ꧀ꦢꦶꦩꦶꦚꦏ꧀ꦢꦶꦔꦫꦤꦤ꧀ꦱꦁꦱꦺꦤ꧀ꦤ,"Dihusir ku sang apatih ka tegal, kasondong hirup. Dibaan ka hareupeun Rahiyangtang Mandiminyak. Dingaranan Sang Sénna.",Dikejar oleh sang patih ke tegal ketemu hidup Dibawa ke hadapan Rahiyangtang Mandiminyak Dinamai Sang Sénna,58
CPH-B059,ꦭꦮꦱ꧀ꦤꦶꦪꦫꦠꦸꦠꦸꦗꦸꦃꦠꦲꦸꦤ꧀ꦤꦫꦲꦶꦪꦁꦠꦁꦩꦤ꧀ꦢꦶꦩꦶꦚꦏ꧀ꦢꦶꦱꦶꦭꦶꦲꦤ꧀ꦏꦸꦱꦁꦱꦺꦤ,Lawasniya ratu tujuh tahun. Na Rahiyangtang Mandiminyak disilihan ku Sang Séna.,Masa pemerintahannya tujuh tahun Maka Rahiyangtang Mandiminyak digantikan oleh Sang Séna,59
CPH-B060,ꦭꦮꦱ꧀ꦤꦶꦪꦫꦠꦸꦠꦸꦗꦸꦃꦠꦲꦸꦤ꧀ꦢꦶꦱꦶꦭꦶꦃꦗꦸꦔꦏ꧀ꦠꦸꦫꦲꦶꦪꦁꦦꦸꦂꦨꦱꦎꦫꦤꦱꦁꦱꦺꦤ,"Lawasniya ratu tujuh tahun, disilih-jungkat ku Rahiyang Purbasora. Na Sang Séna",Masa pemerintahannya tujuh tahun digulingkan oleh Rahiyang Purbasora Maka Sang Séna,60
CPH-B061,ꦢꦶꦲꦶꦤ꧀ꦠꦂꦏꦺꦈꦤ꧀ꦏꦓꦸꦤꦸꦁꦩꦫꦦꦶꦢꦶꦱꦺꦈꦮꦺꦈꦫꦏꦺꦪꦤ꧀ꦗꦩ꧀ꦨꦿꦶ,"diintarkeun ka Gunung Marapi, diseuweu Rakéyan Jambri.",diasingkan ke Gunung Marapi diperistri Rakéyan Jambri,61
CPH-B062,ꦄꦒꦺꦈꦁꦱꦏꦩꦤ꧀ꦠꦿꦶꦄꦤ꧀ꦭꦸꦔꦏꦫꦲꦶꦪꦁꦠꦁꦏꦺꦢꦸꦭ꧀ꦏꦢꦺꦤꦸꦃꦩꦺꦤ꧀ꦠꦢꦶꦨꦸꦤꦶꦏꦺꦈꦤ꧀,"Ageung sakamantrian, lunga ka Rahiyangtang Kedul, ka Denuh, ménta dibunikeun.",Setelah dewasa pergi ke Rahiyangtang Kedul ke Denuh minta dibunuh,62
CPH-B063,ꦕꦫꦺꦏꦫꦲꦶꦪꦁꦠꦁꦏꦺꦢꦸꦭ꧀ꦦꦸꦠꦸꦄꦲꦶꦁꦩꦸꦩꦸꦭ꧀ꦏꦦꦁꦏꦸꦏꦤ꧀ꦏꦸꦱꦶꦪꦱꦸꦓꦤ꧀ꦱꦶꦪꦏꦚꦲꦎꦤ꧀ꦏꦸꦠꦶꦓꦭꦸꦃ,"Carék Rahiyangtang Kedul, ""Putu aing mumul kapangkukan ku siya, sugan siya kanyahoan ku ti Galuh.""","Berkata Rahiyangtang Kedul ""Cucuku jangan kau rebut kekuasaan siapa tahu kau diketahui dari Galuh""",63
CPH-B064,ꦭꦺꦈꦩ꧀ꦥꦁꦱꦶꦪꦲꦸꦱꦶꦂꦱꦁꦮꦸꦭꦤ꧀ꦱꦁꦠꦸꦩꦁꦒꦭ꧀ꦱꦁꦦꦤ꧀ꦢꦮꦫꦶꦁꦏꦸꦤꦶꦔꦤ꧀ꦢꦺꦈꦁꦄꦤꦏ꧀ꦱꦲꦠꦸꦱꦶꦪ,"Leumpang siya husir Sang Wulan, Sang Tumanggal, Sang Pandawa ring Kuningan, deung anak saha tu siya?","""Pergi kau ikuti Sang Wulan, Sang Tumanggal, Sang Pandawa di Kuningan, dengan anak siapa itu kau?""",64
CPH-B065,ꦕꦫꦺꦏꦫꦏꦺꦪꦤ꧀ꦗꦩ꧀ꦨꦿꦶꦄꦲꦶꦁꦄꦤꦏ꧀ꦫꦲꦶꦪꦁꦱꦁꦱꦺꦤꦢꦶꦗꦸꦔꦏ꧀ꦢꦶꦲꦶꦤ꧀ꦠꦂꦏꦺꦈꦤ꧀ꦏꦸꦫꦲꦶꦪꦁꦦꦸꦂꦨꦱꦎꦫ,"Carék Rakéyan Jambri, ""Aing anak Rahiyang Sang Séna. Dijungkat, diintarkeun ku Rahiyang Purbasora.""","Berkata Rakéyan Jambri ""Aku anak Rahiyang Sang Séna. Digulingkan, diasingkan oleh Rahiyang Purbasora.""",65
CPH-B066,ꦭꦩꦸꦤ꧀ꦏꦶꦠꦸꦩꦮꦨꦎꦓꦏꦩꦶꦔꦱꦸꦲꦤ꧀ꦔꦤ꧀ꦩꦸꦭꦃꦩꦎꦱꦩ꧀ꦧꦸꦠ꧀ꦱꦩꦪꦄꦲꦶꦁꦩꦎꦓꦄꦸꦭꦃꦩꦺꦈꦤꦁꦦꦫꦔꦤ꧀,"""Lamun kitu, mawa boga kami ngasuhan. Ngan mulah mo sambut samaya aing. Moga ulah meunang prangan;""","""Kalau begitu, bawa kami asuh. Tapi jangan langgar perintahku. Semoga jangan terjadi perang;""",66
CPH-B067,ꦭꦩꦸꦤ꧀ꦱꦶꦪꦔꦭꦒꦦꦫꦁꦏꦏꦩꦶꦔꦤ꧀ꦱꦶꦪꦭꦺꦈꦩ꧀ꦥꦁꦩꦫꦠ꧀ꦏꦺꦈꦤ꧀ꦲꦸꦱꦶꦂꦠꦎꦲꦄꦤ꧀ꦢꦶꦱꦸꦤ꧀ꦢ,"""lamun siya ngalaga prang ka kami. Ngan siya leumpang maratkeun, husir Tohaan di Sunda.""","""jika kau melawan kami. Tapi kau pergi mengabdi, ikuti Tohaan di Sunda.""",67
CPH-B068,ꦱꦢꦠꦁꦏꦠꦎꦲꦄꦤ꧀ꦢꦶꦱꦸꦤ꧀ꦢꦠꦸꦭꦸꦪꦢꦶꦦꦸꦭꦸꦁꦩꦶꦤꦤ꧀ꦠꦸꦏꦸꦠꦎꦲꦄꦤ꧀ꦢꦶꦱꦸꦤ꧀ꦢ,"Sadatang ka Tohaan di Sunda, tuluy dipulung minantu ku Tohaan di Sunda.","Setelah sampai ke Tohaan di Sunda, lalu dikumpulkan menantu oleh Tohaan di Sunda.",68
CPH-B069,ꦠꦶꦲꦶꦚꦢꦶꦠꦶꦁꦒꦭ꧀ꦏꦺꦈꦤ꧀ꦔꦲꦸꦱꦶꦂꦫꦨꦸꦪꦸꦠ꧀ꦱꦮꦭ꧀ꦕꦫꦺꦏꦫꦨꦸꦪꦸꦠ꧀ꦱꦮꦭ꧀ꦱꦲꦱꦶꦪ,"Ti inya ditinggalkeun, ngahusir Rabuyut Sawal. Carék Rabuyut Sawal, ""Saha siya?""","Dari situ ditinggalkan, mengikuti Rabuyut Sawal. Berkata Rabuyut Sawal ""Siapa kau?""",69
CPH-B070,ꦄꦲꦶꦁꦦꦸꦤ꧀ꦱꦺꦈꦮꦺꦈꦱꦁꦱꦺꦤꦄꦲꦶꦁꦤꦚꦏꦺꦈꦤ꧀ꦦꦸꦱ꧀ꦠꦏꦨꦮꦫꦨꦸꦪꦸꦠ꧀ꦱꦮꦭ꧀,"""Aing pun seuweu Sang Séna. Aing nanyakeun pustaka bawa Rabuyut Sawal.""","""Aku bekas istri Sang Séna. Aku minta pustaka bawa Rabuyut Sawal.""",70
CPH-B071,ꦲꦺꦈꦱꦶꦤꦩꦫꦠꦸꦤꦶꦁꦨꦭꦱꦫꦶꦮꦸꦥꦏꦺꦈꦤ꧀ꦱꦺꦢꦥꦏꦺꦈꦤ꧀ꦱꦏ꧀ꦠꦶꦦꦩꦺꦫꦺꦈꦱꦁꦫꦺꦱꦶꦓꦸꦫꦸ,"""Eusina ma ratuning bala sariwu; pakeun séda, pakeun sakti, paméré Sang Resi Guru.""","""Isinya tentang ratu bala seribu; untuk mati, untuk sakti, pemberian Sang Resi Guru.""",71
CPH-B072,ꦢꦶꦨꦶꦏꦺꦈꦤ꧀ꦏꦸꦫꦨꦸꦪꦸꦠ꧀ꦱꦮꦭ꧀,Dibikeun ku Rabuyut Sawal.,Diberikan oleh Rabuyut Sawal.,72
CPH-B073,ꦠꦶꦲꦶꦚꦦꦸꦭꦁꦏꦓꦭꦸꦃꦫꦏꦺꦪꦤ꧀ꦗꦩ꧀ꦨꦿꦶꦠꦸꦭꦸꦪꦢꦶꦦꦫꦁꦢꦺꦈꦁꦫꦲꦶꦪꦁꦦꦸꦂꦨꦱꦎꦫ,Ti inya pulang ka Galuh Rakéyan Jambri. Tuluy diprang deung Rahiyang Purbasora.,Dari situ pulang ke Galuh Rakéyan Jambri. Lalu berperang dengan Rahiyang Purbasora.,73
CPH-B074,ꦦꦄꦃꦫꦲꦶꦪꦁꦦꦸꦂꦨꦱꦎꦫ,Paéh Rahiyang Purbasora.,Mati Rahiyang Purbasora.,74
CPH-B075,ꦭꦮꦱ꧀ꦤꦶꦪꦫꦠꦸꦠꦸꦗꦸꦃꦠꦲꦸꦤ꧀ꦢꦶꦱꦶꦭꦶꦲꦤ꧀ꦏꦸꦫꦏꦺꦪꦤ꧀ꦗꦩ꧀ꦨꦿꦶꦲꦶꦚꦫꦲꦶꦪꦁꦱꦚ꧀ꦗꦪ,"Lawasniya ratu tujuh tahun. Disilihan ku Rakéyan Jambri, inya Rahiyang Sanjaya.","Masa pemerintahannya tujuh tahun. Digantikan oleh Rakéyan Jambri, yaitu Rahiyang Sanjaya.",75
CPH-B076,ꦕꦫꦺꦏꦫꦲꦶꦪꦁꦱꦚ꧀ꦗꦪꦱꦁꦄꦦꦠꦶꦃꦭꦺꦈꦩ꧀ꦥꦁꦱꦶꦪꦤꦚꦏꦨꦠꦫꦢꦔꦶꦪꦁꦓꦸꦫꦸꦏꦸꦦꦶꦦꦫꦶꦤ꧀ꦠꦲꦺꦈꦤ꧀ꦈꦫꦁꦲꦶꦤꦶꦃ,"Carék Rahiyang Sanjaya, 'Sang Apatih, leumpang siya, nanya ka Batara Dangiyang Guru ku piparintaheun urang inih!",Berkata Rahiyang Sanjaya 'Sang Patih pergilah kau tanya kepada Batara Dangiyang Guru atas permintaan kami ini!,76
CPH-B077,ꦱꦢꦠꦁꦱꦁꦄꦦꦠꦶꦃꦏꦓꦭꦸꦁꦒꦸꦁꦕꦫꦺꦏꦨꦠꦫꦢꦔꦶꦪꦁꦓꦸꦫꦸꦤꦲꦤꦲꦨꦗꦱꦶꦪꦱꦁꦄꦦꦠꦶꦃ,"Sadatang sang apatih ka Galunggung, carék Batara Dangiyang Guru, 'Na naha béja siya, Sang Apatih?'",Setelah sang patih sampai di Galunggung berkata Batara Dangiyang Guru 'Ada apa kabarmu Sang Patih?,77
CPH-B078,ꦦꦸꦤ꧀ꦏꦩꦶꦢꦶꦠꦶꦠꦃꦏꦸꦫꦲꦶꦪꦁꦱꦚ꧀ꦗꦪꦩꦺꦤ꧀ꦠꦦꦶꦦꦫꦶꦤ꧀ꦠꦲꦺꦈꦤ꧀ꦄꦢꦶꦫꦲꦶꦪꦁꦦꦸꦂꦨꦱꦎꦫ,"Pun, kami dititah ku Rahiyang Sanjaya ménta piparintaheun, adi Rahiyang Purbasora.'",Yang mulia kami diperintah oleh Rahiyang Sanjaya meminta permintaan adik Rahiyang Purbasora.',78
CPH-B079,ꦲꦤ꧀ꦠꦺꦈꦢꦶꦨꦶꦏꦺꦈꦤ꧀ꦏꦸꦨꦠꦫꦢꦔꦶꦪꦁꦓꦸꦫꦸꦕꦫꦺꦏꦨꦠꦫꦢꦔꦶꦪꦁꦓꦸꦫꦸꦫꦲꦶꦪꦁꦱꦚ꧀ꦗꦪꦭꦺꦈꦩ꧀ꦥꦁꦚꦤ꧀ꦢꦎꦓꦺꦈꦤ꧀ꦩꦤꦺꦃ,"Hanteu dibikeun ku Batara Dangiyang Guru. Carék Batara Dangiyang Guru, 'Rahiyang Sanjaya, leumpang nyandogé manéh.'","Tidak diberikan oleh Batara Dangiyang Guru. Berkata Batara Dangiyang Guru 'Rahiyang Sanjaya, pergilah rebutlah dirimu.'",79
CPH-B080,ꦲꦺꦊꦃꦏꦺꦈꦤ꧀ꦓꦸꦫꦸꦲꦗꦶꦦꦒꦼꦂꦮꦺꦱꦶꦲꦺꦊꦃꦏꦺꦈꦤ꧀ꦓꦸꦫꦸꦲꦗꦶꦩꦤꦔꦸꦭ꧀ꦲꦺꦊꦃꦏꦺꦈꦤ꧀ꦓꦸꦫꦸꦲꦗꦶꦠꦺꦦꦸꦱ꧀ꦲꦺꦊꦃꦏꦺꦈꦤ꧀ꦓꦸꦫꦸꦲꦗꦶꦨꦭꦶꦠꦂ,"Éléhkeun Guruhaji Pagerwesi, éléhkeun Guruhaji Mananggul, éléhkeun Guruhaji Tepus, éléhkeun Guruhaji Balitar.","Kalahkan Guruhaji Pagerwesi, kalahkan Guruhaji Mananggul, kalahkan Guruhaji Tepus, kalahkan Guruhaji Balitar.",80
CPH-B081,ꦭꦸꦔꦫꦲꦶꦪꦁꦱꦚ꧀ꦗꦪꦲꦺꦊꦃꦏꦺꦈꦤ꧀ꦱꦁꦮꦸꦭꦤ꧀ꦱꦁꦠꦸꦩꦁꦒꦭ꧀ꦱꦁꦦꦤ꧀ꦢꦮꦫꦶꦁꦏꦸꦤꦶꦔꦤ꧀,"Lunga Rahiyang Sanjaya; éléhkeun Sang Wulan, Sang Tumanggal, Sang Pandawa ring Kuningan.","Pergi Rahiyang Sanjaya; kalahkan Sang Wulan, Sang Tumanggal, Sang Pandawa di Kuningan.",81
CPH-B082,ꦚꦤ꧀ꦢꦎꦓꦺꦈꦤ꧀ꦤꦏꦱꦏ꧀ꦠꦶꦄꦤ꧀ꦏꦺꦤꦤꦠꦱꦁꦮꦸꦭꦤ꧀ꦱꦁꦠꦸꦩꦁꦒꦭ꧀ꦱꦁꦦꦤ꧀ꦢꦮꦫꦶꦁꦏꦸꦤꦶꦔꦤ꧀ꦲꦤ꧀ꦠꦺꦈꦏꦮꦶꦱꦺꦱꦢꦔꦶꦪꦁꦓꦸꦫꦸ,"Nyandogé na kasaktian, kénana ta Sang Wulan, Sang Tumanggal, Sang Pandawa ring Kuningan, hanteu kawisésa Dangiyang Guru.","Rebutlah ilmu kesaktian, jika Sang Wulan, Sang Tumanggal, Sang Pandawa di Kuningan, tidak mampu Dangiyang Guru.",82
CPH-B083,ꦫꦲꦶꦪꦁꦱꦚ꧀ꦗꦪꦏꦏꦸꦤꦶꦔꦤ꧀ꦠꦸꦭꦸꦪꦢꦶꦦꦫꦁꦲꦺꦊꦃꦫꦲꦶꦪꦁꦱꦚ꧀ꦗꦪ,"Rahiyang Sanjaya ka Kuningan, tuluy diprang. Éléh Rahiyang Sanjaya.","Rahiyang Sanjaya ke Kuningan, lalu berperang. Kalah Rahiyang Sanjaya.",83
CPH-B084,ꦩꦤꦲꦶꦁꦒꦺꦊꦃꦏꦺꦈꦤ꧀ꦲꦶꦚꦱꦏ꧀ꦠꦶꦫꦲꦶꦪꦁꦱꦚ꧀ꦗꦪꦏꦏꦸꦤꦶꦔꦤ꧀ꦠꦸꦭꦸꦪꦢꦶꦦꦫꦁꦲꦺꦊꦃꦫꦲꦶꦪꦁꦱꦚ꧀ꦗꦪ,"Mana ingéléhkeun, inya sakti. Rahiyang Sanjaya ka Kuningan, tuluy diprang. Éléh Rahiyang Sanjaya.","Jika kau kalahkan, dia sakti.' Rahiyang Sanjaya ke Kuningan, lalu berperang. Kalah Rahiyang Sanjaya.",84
CPH-B085,ꦢꦶꦓꦺꦫꦺꦏꦤ꧀ꦠꦺꦏꦫꦶꦁꦭꦎꦃꦏꦸꦤꦶꦔꦤ꧀ꦈꦤ꧀ꦢꦸꦂꦫꦲꦶꦪꦁꦱꦚ꧀ꦗꦪꦢꦫꦄꦲꦶꦁꦦꦫꦢꦶꦤꦶꦃꦢꦶꦓꦺꦫꦺꦏꦤ꧀ꦲꦺꦊꦃꦦꦸꦤ꧀ꦏꦩꦶ,"Digérékan, teka ring loh Kuningan, undur Rahiyang Sanjaya. 'Dara aing para dinih, digérékan. Éléh pun kami.'","Dikejar, sampai di tanah Kuningan, mundur Rahiyang Sanjaya. 'Sayang aku semua di sini dikejar. Kalah kami.'",85
CPH-B086,ꦠꦶꦲꦶꦚꦦꦸꦭꦁꦢꦺꦈꦶꦏꦓꦭꦸꦃꦫꦲꦶꦪꦁꦱꦚ꧀ꦗꦪ,"Ti inya pulang deui ka Galuh, Rahiyang Sanjaya.","Kemudian pulang lagi ke Galuh, Rahiyang Sanjaya.",86
CPH-B087,ꦱꦁꦮꦸꦭꦤ꧀ꦱꦁꦠꦸꦩꦁꦒꦭ꧀ꦦꦸꦭꦁꦢꦺꦈꦶꦏꦄꦫꦶꦭꦺ,"Sang Wulan, Sang Tumanggal pulang deui ka Arilé.","Sang Wulan, Sang Tumanggal pulang lagi ke Arilé.",87
CPH-B088,ꦫꦲꦶꦪꦁꦱꦚ꧀ꦗꦪꦠꦸꦭꦸꦪꦩꦫꦺꦏ꧀ꦏꦨꦠꦫꦢꦔꦶꦪꦁꦓꦸꦫꦸꦕꦫꦺꦏꦨꦠꦫꦢꦔꦶꦪꦁꦓꦸꦫꦸꦫꦲꦶꦪꦁꦱꦚ꧀ꦗꦪꦤꦲꦨꦗꦱꦶꦪꦢꦠꦁꦏꦢꦶꦤꦶꦃ,"Rahiyang Sanjaya tuluy marék ka Batara Dangiyang Guru. Carék Batara Dangiyang Guru, 'Rahiyang Sanjaya, naha béja siya datang ka dinih?'","Rahiyang Sanjaya lalu menghadap Batara Dangiyang Guru. Berkata Batara Dangiyang Guru, 'Rahiyang Sanjaya, ada apa kabarmu datang ke sini?'",88
CPH-B089,ꦄꦪꦦꦸꦤ꧀ꦨꦗꦏꦩꦶꦦꦸꦤ꧀ꦏꦩꦶꦢꦶꦦꦶꦮꦫꦁꦲꦺꦊꦃꦦꦸꦤ꧀ꦏꦩꦶꦱꦸꦥꦺꦤ꧀ꦦꦸꦤ꧀ꦏꦩꦶꦏꦩꦶꦩꦺꦈꦤꦁꦏꦸꦗꦢꦶꦦꦸꦤ꧀ꦓꦸꦩꦤ꧀ꦠꦶꦢꦶꦨꦎꦫꦎꦤ꧀ꦏꦸꦱꦁꦮꦸꦭꦤ꧀ꦱꦁꦠꦸꦩꦁꦒꦭ꧀ꦱꦁꦦꦤ꧀ꦢꦮꦫꦶꦁꦏꦸꦤꦶꦔꦤ꧀,"Aya pun béja kami, pun kami dipiwarang, éléh pun kami, supén pun kami. Kami meunang ku jadi, pun gumanti diboroan ku Sang Wulan, Sang Tumanggal, Sang Pandawa ring Kuningan.'","Ada kabar kami, kami diperintah, kalah kami, menyerah kami. Kami menang dengan menjadi, sebagai pengganti diurus oleh Sang Wulan, Sang Tumanggal, Sang Pandawa di Kuningan.'",89
CPH-B090,ꦦꦸꦭꦁꦢꦺꦈꦶꦫꦲꦶꦪꦁꦱꦚ꧀ꦗꦪꦏꦓꦭꦸꦃ,Pulang deui Rahiyang Sanjaya ka Galuh.,Pulang lagi Rahiyang Sanjaya ke Galuh.,90
CPH-B091,ꦕꦫꦺꦏꦱꦁꦮꦸꦭꦤ꧀ꦱꦁꦠꦸꦩꦁꦒꦭ꧀ꦱꦁꦦꦤ꧀ꦢꦮꦫꦶꦁꦏꦸꦤꦶꦔꦤ꧀ꦩꦮꦦꦶꦱꦗꦶꦈꦤ꧀ꦭꦺꦈꦩ꧀ꦥꦁꦏꦓꦭꦸꦁꦒꦸꦁꦮꦶꦢꦶꦲꦤ꧀ꦱꦗꦸꦓꦭꦩꦦꦭꦁꦏꦮꦸꦭꦸꦁꦩꦸꦤ꧀ꦢꦶꦁꦱꦠꦼꦩ꧀ꦦꦲꦤ꧀ꦨꦿꦱ꧀ꦱꦦꦢꦔꦤ꧀,"Carék Sang Wulan, Sang Tumanggal, Sang pandawa ring Kuningan, 'Mawa pisajieun leumpang ka Galunggung, widihan sajugala ma, palangka wulung, munding satempahan, bras sapadangan.'",Berkata Sang Wulan Sang Tumanggal Sang Pandawa di Kuningan Bawa persembahan pergi ke Galunggung hadiah sajugala ma palangka wulung kerbau setempahan beras sepadangan,91
CPH-B092,ꦱꦠꦺꦏꦱꦶꦪꦏꦓꦭꦸꦁꦒꦸꦁꦩꦤ꧀ꦢꦼꦓ꧀ꦫꦶꦁꦦꦏꦩ꧀ꦨꦔꦤ꧀ꦏꦱꦎꦤ꧀ꦢꦎꦥ꧀ꦏꦸꦦꦏꦩ꧀ꦨꦔꦤ꧀ꦩꦗꦂꦏꦨꦠꦫꦢꦔꦶꦪꦁꦓꦸꦫꦸꦕꦫꦺꦏꦢꦔꦶꦪꦁꦓꦸꦫꦸꦤꦲꦨꦗꦱꦶꦪ,"Sateka siya ka Galunggung, mandeg ring Pakembangan. Kasondong ku Pakembangan, majar ka Batara Dangiyang Guru. Carék Dangiyang Guru, \""Naha béja siya?\""","Setelah mereka sampai di Galunggung berhenti di Pakembangan Ditemui oleh Pakembangan menghadap Batara Dangiyang Guru Berkata Dangiyang Guru \""Ada apa kabarmu?\""",92
CPH-B093,ꦦꦸꦤ꧀ꦨꦠꦫꦢꦔꦶꦪꦁꦓꦸꦫꦸꦄꦪꦱꦁꦮꦸꦭꦤ꧀ꦱꦁꦠꦸꦩꦁꦒꦭ꧀ꦱꦁꦦꦤ꧀ꦢꦮꦢꦶꦏꦸꦤꦶꦔꦤ꧀,"""Pun Batara Dangiyang Guru! Aya Sang Wulan, Sang Tumanggal, Sang Pandawa di Kuningan.\""","""Yang mulia Batara Dangiyang Guru! Ada Sang Wulan, Sang Tumanggal, Sang Pandawa di Kuningan.\""",93
CPH-B094,ꦨꦓꦺꦄꦩꦠ꧀ꦱꦶꦪꦢꦠꦁꦏꦢꦶꦤꦶꦃꦭꦺꦈꦩ꧀ꦥꦁꦱꦶꦪꦏꦓꦭꦸꦃꦄꦭꦫꦲꦶꦪꦁꦱꦚ꧀ꦗꦪꦩꦁꦏꦩꦮꦦꦶꦱꦗꦶꦈꦤ꧀ꦮꦶꦢꦶꦲꦤ꧀ꦱꦗꦸꦓꦭꦩꦱꦲꦦꦭꦁꦏꦮꦸꦭꦸꦁꦩꦸꦤ꧀ꦢꦶꦁꦱꦠꦺꦩ꧀ꦦꦲꦤ꧀ꦏꦮꦭꦶꦮꦺꦱꦶꦨꦿꦱ꧀ꦱꦦꦢꦔꦤ꧀,"""Bagéa amat, siya datang ka dinih. Leumpang siya ka Galuh. Ala Rahiyang Sanjaya, mangka mawa pisajieun; widihan sajugala ma, saha palangka wulung, munding satémpahan, kawali wesi, bras sapadangan.\""","""Bahagia sekali kau datang ke sini Pergilah kau ke Galuh Jemput Rahiyang Sanjaya bawa persembahan hadiah sajugala ma palangka wulung kerbau setempahan kuali besi beras sepadangan\""",94
CPH-B095,ꦱꦢꦠꦁꦱꦶꦪꦏꦓꦭꦸꦃꦕꦫꦺꦏꦫꦲꦶꦪꦁꦱꦚ꧀ꦗꦪꦤꦲꦨꦗꦱꦶꦪꦦꦏꦩ꧀ꦨꦔꦤ꧀,"Sadatang siya ka Galuh, carék Rahiyang Sanjaya, \""Naha béja siya, Pakembangan?\""","Setelah sampai di Galuh berkata Rahiyang Sanjaya \""Ada apa kabarmu Pakembangan?\""",95
CPH-B096,ꦏꦩꦶꦦꦸꦤ꧀ꦢꦶꦱꦸꦫꦸꦃꦏꦸꦢꦔꦶꦪꦁꦓꦸꦫꦸꦫꦲꦶꦪꦁꦱꦚ꧀ꦗꦪꦩꦁꦏꦤꦸꦱꦁꦏꦼꦥ꧀ꦩꦮꦦꦶꦱꦗꦶꦈꦤ꧀ꦄꦪꦱꦁꦮꦸꦭꦤ꧀ꦱꦁꦠꦸꦩꦁꦒꦭ꧀ꦱꦁꦦꦤ꧀ꦢꦮꦫꦶꦁꦏꦸꦤꦶꦔꦤ꧀,"""Kami pun disuruh ku Dangiyang Guru. Rahiyang Sanjaya mangka nu sangkep mawa pisajieun. Aya Sang Wulan, Sang Tumanggal, Sang Pandawa ring Kuningan.\""","""Kami disuruh oleh Dangiyang Guru. Rahiyang Sanjaya yang pantas membawa persembahan. Ada Sang Wulan, Sang Tumanggal, Sang Pandawa di Kuningan.\""",96
CPH-B097,ꦭꦸꦔꦫꦲꦶꦪꦁꦱꦚ꧀ꦗꦪꦠꦺꦏꦫꦶꦲꦫꦺꦈꦥꦺꦈꦤ꧀ꦢꦔꦶꦪꦁꦓꦸꦫꦸꦕꦫꦺꦏꦨꦠꦫꦢꦔꦶꦪꦁꦓꦸꦫꦸꦫꦲꦶꦪꦁꦱꦚ꧀ꦗꦪꦭꦩꦸꦤ꧀ꦏꦮꦶꦱꦺꦱꦏꦸꦱꦶꦪꦱꦁꦮꦸꦭꦤ꧀ꦱꦁꦠꦸꦩꦁꦒꦭ꧀ꦱꦁꦦꦤ꧀ꦢꦮꦫꦶꦁꦏꦸꦤꦶꦔꦤ꧀ꦄꦲꦶꦁꦤꦸꦫꦸꦠ꧀ꦕꦫꦺꦏꦱꦶꦪꦗꦨꦺꦈꦤ꧀ꦏꦸꦄꦲꦶꦁꦏꦮꦶꦱꦺꦱꦠꦸꦫꦸꦠ꧀ꦕꦫꦺꦏꦺꦁꦗꦄꦲꦶꦁꦮꦺꦤꦁꦤꦸꦢꦸꦃꦠꦤ꧀ꦏꦠꦸꦢꦸꦃꦗꦄꦲꦶꦁꦄꦤꦏ꧀ꦢꦺꦮꦠ,"Lunga Rahiyang Sanjaya. Téka ri hareupeun Dangiyang Guru, carék Batara Dangiyang Guru, \""Rahiyang Sanjaya! Lamun kawisésa ku siya Sang Wulan, Sang Tumanggal, Sang Pandawa ring Kuningan, aing nurut carék siya. Ja beunang ku aing kawisésa, turut carékéng! Ja aing wenang nuduh tan katuduh. Ja aing anak déwata.\""","Pergi Rahiyang Sanjaya Sampai di hadapan Dangiyang Guru berkata Batara Dangiyang Guru \""Rahiyang Sanjaya! Jika kau mampu menguasai Sang Wulan, Sang Tumanggal, Sang Pandawa di Kuningan aku turut perkataanmu Jika berhasil aku menguasai turut perkataanmu Jika aku berwenang menunjuk yang tak tertunjuk Jika aku anak dewa\""",97
CPH-B098,ꦱꦁꦮꦸꦭꦤ꧀ꦱꦁꦠꦸꦩꦁꦒꦭ꧀ꦱꦁꦦꦤ꧀ꦢꦮꦫꦶꦁꦏꦸꦤꦶꦔꦤ꧀ꦏꦮꦶꦱꦺꦱꦏꦸꦨꦠꦫꦢꦔꦶꦪꦁꦓꦸꦫꦸ,"Sang Wulan, Sang Tumanggal, Sang Pandawa ring Kuningan kawisésa ku Batara Dangiyang Guru.","Sang Wulan, Sang Tumanggal, Sang Pandawa di Kuningan dikuasai oleh Batara Dangiyang Guru.",98
CPH-B099,ꦱꦁꦮꦸꦭꦤ꧀ꦢꦶꦗꦶꦈꦤ꧀ꦓꦸꦫꦸꦲꦗꦶꦏꦗꦫꦎꦤ꧀,Sang Wulan dijieun Guruhaji Kajaron.,Sang Wulan dijadikan Guruhaji Kajaron.,99
CPH-B100,ꦱꦁꦠꦸꦩꦁꦒꦭ꧀ꦢꦶꦗꦶꦈꦤ꧀ꦓꦸꦫꦸꦲꦗꦶꦏꦭꦁꦓꦫꦢꦶꦨꦭꦩꦎꦲ,Sang Tumanggal dijieun Guruhaji Kalanggara di Balamoha.,Sang Tumanggal dijadikan Guruhaji Kalanggara di Balamoha.,100
CPH-B101,ꦱꦁꦦꦸꦏꦶꦗꦢꦶꦓꦸꦫꦸꦲꦗꦶꦦꦒꦼꦂꦮꦺꦱꦶ,Sang Puki jadi Guruhaji Pagerwesi.,Sang Puki jadi Guruhaji Pagerwesi.,101
CPH-B102,ꦱꦁꦩꦤꦶꦱꦿꦶꦢꦶꦗꦶꦈꦤ꧀ꦨꦸꦪꦸꦡꦢꦺꦤ꧀ꦫꦲꦱꦺꦄꦢꦶꦦꦸꦤ꧀ꦠꦁ,"Sang Manisri dijieun Buyuthadén Rahaséa, di Puntang.",Sang Manisri dijadikan Buyuthadén Rahaséa di Puntang.,102
CPH-B103,ꦨꦸꦪꦸꦡꦢꦺꦤ꧀ꦠꦸꦚ꧀ꦗꦸꦁꦦꦸꦠꦶꦃꦢꦶꦏꦲꦸꦫꦶꦦꦤ꧀,Buyuthadén Tunjungputih di Kahuripan.,Buyuthadén Tunjungputih di Kahuripan.,103
CPH-B104,ꦨꦸꦪꦸꦡꦢꦺꦤ꧀ꦱꦸꦩꦗꦗꦃꦢꦶꦦꦒꦗꦲꦤ꧀,Buyuthadén Sumajajah di Pagajahan.,Buyuthadén Sumajajah di Pagajahan.,104
CPH-B105,ꦨꦸꦪꦸꦡꦢꦺꦤ꧀ꦦꦱꦸꦓꦶꦲꦤ꧀ꦢꦶꦨꦠꦸꦂ,Buyuthadén Pasugihan di Batur.,Buyuthadén Pasugihan di Batur.,105
CPH-B106,ꦨꦸꦪꦸꦡꦢꦺꦤ꧀ꦦꦢꦸꦫꦸꦔꦤ꧀ꦢꦶꦭꦼꦩ꧀ꦨꦸꦲꦸꦪꦸ,Buyuthadén Padurungan di Lembuhuyu.,Buyuthadén Padurungan di Lembuhuyu.,106
CPH-B107,ꦨꦸꦪꦸꦡꦢꦺꦤ꧀ꦢꦫꦎꦁꦢꦎꦁꦢꦶꦨꦭꦫꦗ,Buyuthadén Darongdong di Balaraja.,Buyuthadén Darongdong di Balaraja.,107
CPH-B108,ꦨꦸꦪꦸꦡꦢꦺꦤ꧀ꦨꦠꦸꦠꦶꦲꦁꦢꦶꦏꦸꦤꦶꦔꦤ꧀,Buyuthadén Batutihang di Kuningan.,Buyuthadén Batutihang di Kuningan.,108